Plate Name List,Treatment timepoint,Plating density,Percent Replicating,Modality
"['BR00116991', 'BR00116992', 'BR00116993', 'BR00116994']",24.0,A549,86.60130718954248,Compounds
"['BR00117015', 'BR00117016', 'BR00117017', 'BR00117019']",48.0,A549,96.07843137254902,Compounds
"['BR00117008', 'BR00117009']",48.0,A549 80%,71.24183006535948,Compounds
"['BR00117054', 'BR00117055']",48.0,A549 120%,69.28104575163398,Compounds
