Plate Name,Stains - Permeabilization with dyes,Density,Percent Replicating,Percent Matching
BR00113821,No,Lower,52.22222222222223,18.6046511627907
BR00113820,Yes,Lower,58.88888888888889,23.25581395348837
BR00113818,No,Higher,60.0,20.930232558139537
BR00113819,Yes,Higher,63.33333333333333,18.6046511627907
