Plate Name List,Treatment timepoint,Matching between parental and Cas9,Percent Replicating,Modality
"['BR00116991', 'BR00116992', 'BR00116993', 'BR00116994']",24.0,A549,86.60130718954248,Compounds
"['BR00117015', 'BR00117016', 'BR00117017', 'BR00117019']",48.0,A549,96.07843137254902,Compounds
"['BR00117050', 'BR00117051', 'BR00117052', 'BR00117053']",48.0,A549-Cas9,87.58169934640523,Compounds
