Plate Name,Stains - Overall stain level,Batch,Percent Replicating,Percent Matching
BR00115134,1x,Stain3,0.5555555555555556,0.20930232558139536
BR00115133,0.5x,Stain3,0.6111111111111112,0.20930232558139536
BR00115132,0.25x,Stain3,0.5888888888888889,0.18604651162790697
BR00116632,1x,Stain4,0.6222222222222222,0.20930232558139536
BR00116633,1x,Stain4,0.5777777777777777,0.2558139534883721
BR00116634,1x,Stain4,0.5555555555555556,0.20930232558139536
BR00116622,0.5x,Stain4,0.6111111111111112,0.23255813953488372
200922_015124-V,0.5x,Stain4,0.6,0.18604651162790697
200921_193743-V,0.5x,Stain4,0.5555555555555556,0.20930232558139536
