Plate Name List,Treatment timepoint,Drug selection,Percent Replicating,Modality
"['BR00117020', 'BR00117021']",48.0,A549,0.3125,ORF
"['BR00118050', 'BR00117006']",96.0,A549,0.3125,ORF
"['BR00118041', 'BR00118042', 'BR00118043', 'BR00118044']",96.0,A549,0.4262295081967213,CRISPR
"['BR00117000', 'BR00117003', 'BR00117004', 'BR00117005']",144.0,A549,0.46229508196721314,CRISPR
['BR00118049'],96.0,A549+Selection,0.1875,ORF
"['BR00117001', 'BR00117002']",144.0,A549+Selection,0.14426229508196722,CRISPR
