Plate Name List,Treatment timepoint,Drug selection,Percent Replicating,Modality
"['BR00117020', 'BR00117021']",48,A549,31.25,ORF
"['BR00118050', 'BR00117006']",96,A549,31.25,ORF
"['BR00118041', 'BR00118042', 'BR00118043', 'BR00118044']",96,A549,42.62295081967213,CRISPR
"['BR00117000', 'BR00117003', 'BR00117004', 'BR00117005']",144,A549,46.22950819672131,CRISPR
['BR00118049'],96,A549+Selection,18.75,ORF
"['BR00117001', 'BR00117002']",144,A549+Selection,14.426229508196723,CRISPR
