Plate Name,Measurement scales,Batch,Percent Replicating,Percent Matching
BR00117095,Smaller,Cell1,65.55555555555556,25.581395348837212
BR00117096,Smaller,Cell1,64.44444444444444,18.6046511627907
BR00117095,Larger,Cell1,64.44444444444444,20.930232558139537
BR00117096,Larger,Cell1,63.33333333333333,18.6046511627907
