Plate Name,Measurement scales,Batch,Percent Replicating,Percent Matching
BR00117095,Smaller,Cell1,0.6555555555555556,0.2558139534883721
BR00117096,Smaller,Cell1,0.6444444444444445,0.18604651162790697
BR00117095,Larger,Cell1,0.6444444444444445,0.20930232558139536
BR00117096,Larger,Cell1,0.6333333333333333,0.18604651162790697
