Plate Name,Multiplane,Batch,Percent Replicating,Percent Matching
BR00112197,No,Stain2,0.6222222222222222,0.20930232558139536
BR00112198,No,Stain2,0.6111111111111112,0.20930232558139536
BR00112199,Yes,Stain2,0.6777777777777778,0.20930232558139536
BR00115134,No,Stain3,0.5555555555555556,0.20930232558139536
BR00115134,Yes,Stain3,0.6222222222222222,0.20930232558139536
