Plate Name,Plate type,Batch,Percent Replicating,Percent Matching
BR00117030,Cell Carrier Ultra - No barrier wells,Plate1,66.66666666666666,23.25581395348837
BR00117031,Cell Carrier Ultra - No barrier wells,Plate1,63.33333333333333,20.930232558139537
BR00117032,Cell Carrier Ultra - No barrier wells,Plate1,64.44444444444444,23.25581395348837
BR00117143,Aurora - barrier wells,Plate1,68.88888888888889,27.906976744186046
BR00117144,Aurora - barrier wells,Plate1,66.66666666666666,25.581395348837212
BR0011750,Aurora - barrier wells,Plate1,63.33333333333333,18.6046511627907
