Plate Name,Plate type,Batch,Percent Replicating,Percent Matching
BR00117030,Cell Carrier Ultra - No barrier wells,Plate1,0.6666666666666666,0.23255813953488372
BR00117031,Cell Carrier Ultra - No barrier wells,Plate1,0.6333333333333333,0.20930232558139536
BR00117032,Cell Carrier Ultra - No barrier wells,Plate1,0.6444444444444445,0.23255813953488372
BR00117143,Aurora - barrier wells,Plate1,0.6888888888888889,0.27906976744186046
BR00117144,Aurora - barrier wells,Plate1,0.6666666666666666,0.2558139534883721
BR0011750,Aurora - barrier wells,Plate1,0.6333333333333333,0.18604651162790697
